City_ID,City,Country,Lat,Lng,Max Temp,Humidity,Cloudiness,Wind Speed,Current Description,Date
0,Dunedin,NZ,-45.8742,170.5036,59.81,89,79,5.99,broken clouds,4/20/2022 18:42
1,Chokurdakh,RU,70.6333,147.9167,2.62,99,93,4.07,overcast clouds,4/20/2022 18:42
2,Ponta Do Sol,PT,32.6667,-17.1,63.23,54,13,7.2,few clouds,4/20/2022 18:42
3,Port Elizabeth,ZA,-33.918,25.5701,70.11,83,0,3.44,clear sky,4/20/2022 18:41
4,Panalingaan,PH,8.7842,117.4231,77.58,86,33,3.11,scattered clouds,4/20/2022 18:42
5,Airai,TL,-8.9266,125.4092,58.78,89,99,2.24,overcast clouds,4/20/2022 18:42
6,Mahebourg,MU,-20.4081,57.7,77.29,88,40,3.44,scattered clouds,4/20/2022 18:42
7,Hithadhoo,MV,-0.6,73.0833,83.28,70,93,3.42,overcast clouds,4/20/2022 18:42
8,Punta Arenas,CL,-53.15,-70.9167,53.62,66,75,18.41,light rain,4/20/2022 18:42
9,Clyde River,CA,70.4692,-68.5914,3.43,78,75,13.8,broken clouds,4/20/2022 18:42
10,Lebu,CL,-37.6167,-73.65,56.37,63,1,9.8,clear sky,4/20/2022 18:42
11,Ushuaia,AR,-54.8,-68.3,49.66,57,75,12.66,broken clouds,4/20/2022 18:37
12,Dicabisagan,PH,17.0818,122.4157,75.49,90,2,2.28,clear sky,4/20/2022 18:42
13,Tasiilaq,GL,65.6145,-37.6368,41.16,93,91,3.65,overcast clouds,4/20/2022 18:40
14,Awbari,LY,26.5921,12.7805,78.75,13,97,12.46,overcast clouds,4/20/2022 18:42
15,Torbay,CA,47.6666,-52.7314,48.27,90,100,31.07,overcast clouds,4/20/2022 18:42
16,Albany,US,42.6001,-73.9662,51.39,42,7,1.99,clear sky,4/20/2022 18:38
17,Sinjar,IQ,36.3209,41.8754,64.36,30,0,11.34,clear sky,4/20/2022 18:42
18,College,US,64.8569,-147.8028,40.46,43,20,1.01,few clouds,4/20/2022 18:40
19,Roebourne,AU,-20.7833,117.1333,83.43,40,18,7.87,few clouds,4/20/2022 18:42
20,Karaman,TR,37.0833,33.25,50.72,73,3,9.48,clear sky,4/20/2022 18:42
21,Sur,OM,22.5667,59.5289,82.9,65,100,8.77,overcast clouds,4/20/2022 18:42
22,Busselton,AU,-33.65,115.3333,54.75,86,0,12.01,clear sky,4/20/2022 18:42
23,Krumbach,DE,48.2418,10.3632,48.45,70,0,7.4,clear sky,4/20/2022 18:42
24,San Jose,US,37.3394,-121.895,70,45,40,5.99,scattered clouds,4/20/2022 18:40
25,Rocha,UY,-34.4833,-54.3333,79.72,38,0,7.81,clear sky,4/20/2022 18:40
26,Broken Hill,AU,-31.95,141.4333,55.11,88,100,0,overcast clouds,4/20/2022 18:41
27,Katsuura,JP,35.1333,140.3,55.42,89,100,5.21,overcast clouds,4/20/2022 18:42
28,Gao,ML,16.6362,1.637,91.96,9,21,9.01,few clouds,4/20/2022 18:42
29,Victoria,HK,22.2855,114.1577,73.18,83,91,8.01,overcast clouds,4/20/2022 18:42
30,Carnarvon,AU,-24.8667,113.6333,66.27,59,100,5.75,overcast clouds,4/20/2022 18:40
31,Hilo,US,19.7297,-155.09,78.28,79,20,5.75,few clouds,4/20/2022 18:39
32,Bayan,CN,46.0833,127.4,62.87,32,100,22.37,overcast clouds,4/20/2022 18:42
33,Presidencia Roque Saenz Pena,AR,-26.7852,-60.4388,74.91,66,97,6.08,overcast clouds,4/20/2022 18:42
34,Tiksi,RU,71.6872,128.8694,5.47,99,100,4.52,overcast clouds,4/20/2022 18:41
35,Talas,TR,38.6908,35.5538,52.47,50,40,0,scattered clouds,4/20/2022 18:42
36,Saint-Philippe,RE,-21.3585,55.7679,77.22,86,47,3,scattered clouds,4/20/2022 18:42
37,San Pedro,PH,14.35,121.0167,80.26,78,20,2.3,few clouds,4/20/2022 18:42
38,Nouadhibou,MR,20.931,-17.0347,69.78,68,11,18.41,sand,4/20/2022 18:42
39,Nikolskoye,RU,59.7035,30.7861,51.69,94,13,8.5,few clouds,4/20/2022 18:40
40,Bluff,NZ,-46.6,168.3333,56.8,95,100,3.02,light rain,4/20/2022 18:40
41,Newport,GB,51.5877,-2.9984,61.68,80,77,8.28,broken clouds,4/20/2022 18:42
42,Bredasdorp,ZA,-34.5322,20.0403,66.38,53,100,4.52,overcast clouds,4/20/2022 18:42
43,Vila Do Maio,CV,15.1333,-23.2167,79.59,82,64,12.8,broken clouds,4/20/2022 18:42
44,Bethel,US,41.3712,-73.414,57.2,40,0,12.66,clear sky,4/20/2022 18:40
45,Butaritari,KI,3.0707,172.7902,80.78,81,92,15.12,light rain,4/20/2022 18:42
46,Dikson,RU,73.5069,80.5464,-0.2,100,88,9.24,overcast clouds,4/20/2022 18:41
47,Talnakh,RU,69.4865,88.3972,-2.81,91,44,4.05,scattered clouds,4/20/2022 18:42
48,Isangel,VU,-19.55,169.2667,71.71,88,46,3.44,scattered clouds,4/20/2022 18:42
49,Hermanus,ZA,-34.4187,19.2345,59.81,81,100,2.86,overcast clouds,4/20/2022 18:42
50,Unguia,CO,8.0434,-77.0945,87.82,89,100,3.49,overcast clouds,4/20/2022 18:42
51,Kapaa,US,22.0752,-159.319,74.48,79,75,17.27,broken clouds,4/20/2022 18:42
52,Kavieng,PG,-2.5744,150.7967,82.58,76,76,14.32,broken clouds,4/20/2022 18:42
53,Bandraboua,YT,-12.7044,45.1223,83.88,79,82,11.34,light rain,4/20/2022 18:42
54,Kruisfontein,ZA,-34.0033,24.7314,67.89,40,80,3.44,broken clouds,4/20/2022 18:42
55,Puerto Leguizamo,CO,-0.1934,-74.7819,78.98,90,96,2.51,overcast clouds,4/20/2022 18:42
56,Rikitea,PF,-23.1203,-134.9692,78.42,71,2,19.06,clear sky,4/20/2022 18:42
57,Puerto Ayora,EC,-0.7393,-90.3518,78.76,80,100,8.84,overcast clouds,4/20/2022 18:42
58,Ballina,AU,-28.8667,153.5667,64.36,94,75,3.44,broken clouds,4/20/2022 18:42
59,Itupiranga,BR,-5.1347,-49.3267,86.32,87,100,2.75,overcast clouds,4/20/2022 18:42
60,Yellowknife,CA,62.456,-114.3525,30.72,31,0,6.91,clear sky,4/20/2022 18:38
61,Shizunai,JP,42.3339,142.3669,43.66,59,0,5.32,clear sky,4/20/2022 18:42
62,Barrow,US,71.2906,-156.7887,-0.38,78,0,12.66,clear sky,4/20/2022 18:40
63,Nome,US,64.5011,-165.4064,30.16,74,0,0,clear sky,4/20/2022 18:42
64,Alice Springs,AU,-23.7,133.8833,49.55,57,85,4.61,overcast clouds,4/20/2022 18:41
65,Bonavista,CA,48.6499,-53.1147,39.24,86,100,29.3,overcast clouds,4/20/2022 18:42
66,Saskylakh,RU,71.9167,114.0833,-2.33,100,100,3.67,overcast clouds,4/20/2022 18:40
67,New Norfolk,AU,-42.7826,147.0587,49.5,63,6,3,clear sky,4/20/2022 18:40
68,Sept-Iles,CA,50.2001,-66.3821,39.72,86,75,13.8,broken clouds,4/20/2022 18:41
69,Upernavik,GL,72.7868,-56.1549,2.84,69,16,5.28,few clouds,4/20/2022 18:42
70,Tanete,ID,-3.9443,119.7848,74.1,94,69,1.81,moderate rain,4/20/2022 18:42
71,Yerbogachen,RU,61.2767,108.0108,11.43,96,33,3.33,scattered clouds,4/20/2022 18:42
72,Hit,IQ,33.6416,42.8251,72.01,21,4,13.31,clear sky,4/20/2022 18:42
73,Senftenberg,DE,51.5167,14.0167,47.17,89,100,6.35,overcast clouds,4/20/2022 18:42
74,Bubaque,GW,11.2833,-15.8333,76.42,76,100,16.96,overcast clouds,4/20/2022 18:42
75,Ribeira Grande,PT,38.5167,-28.7,63,67,75,3.44,broken clouds,4/20/2022 18:42
76,Mataura,NZ,-46.1927,168.8643,56.48,100,100,2.82,moderate rain,4/20/2022 18:40
77,Aklavik,CA,68.2191,-135.0107,12.2,92,20,4.61,few clouds,4/20/2022 18:40
78,Baley,RU,51.6,116.6333,27.39,48,72,4.74,broken clouds,4/20/2022 18:42
79,Severo-Kurilsk,RU,50.6789,156.125,31.86,88,29,5.91,scattered clouds,4/20/2022 18:42
80,Lapeer,US,43.0514,-83.3188,51.94,34,0,8.05,clear sky,4/20/2022 18:42
81,Macau,MO,22.2006,113.5461,71.4,83,20,3.44,few clouds,4/20/2022 18:42
82,Brae,GB,60.3964,-1.353,46.49,81,100,10.4,overcast clouds,4/20/2022 18:41
83,Esperance,AU,-33.8667,121.9,55.24,77,89,8.16,overcast clouds,4/20/2022 18:42
84,Vaini,TO,-21.2,-175.2,73.56,100,100,3.44,overcast clouds,4/20/2022 18:42
85,Jamestown,US,42.097,-79.2353,49.51,43,0,9.22,clear sky,4/20/2022 18:42
86,Arraial Do Cabo,BR,-22.9661,-42.0278,78.76,73,20,11.5,few clouds,4/20/2022 18:42
87,Khorixas,NA,-20.3667,14.9667,77.09,24,42,8.61,scattered clouds,4/20/2022 18:42
88,Lasa,IT,46.6166,10.7002,50.88,94,66,1.68,broken clouds,4/20/2022 18:42
89,Lompoc,US,34.6391,-120.4579,71.69,65,0,14,clear sky,4/20/2022 18:40
90,Cape Town,ZA,-33.9258,18.4232,69.12,62,0,4.61,clear sky,4/20/2022 18:41
91,Qaqortoq,GL,60.7167,-46.0333,32.59,55,57,4.88,broken clouds,4/20/2022 18:42
92,Port Alfred,ZA,-33.5906,26.891,70.95,79,8,12.64,clear sky,4/20/2022 18:42
93,Klin,RU,56.3333,36.7333,46.56,70,83,13.49,broken clouds,4/20/2022 18:42
94,Saint-Pierre,RE,-21.3393,55.4781,77.29,83,0,4.61,clear sky,4/20/2022 18:42
95,Gamba,GA,-2.65,10,76.82,92,100,4.5,light rain,4/20/2022 18:42
96,Morondava,MG,-20.2833,44.2833,81.01,79,6,9.01,clear sky,4/20/2022 18:42
97,Atuona,PF,-9.8,-139.0333,79.36,70,68,20.2,broken clouds,4/20/2022 18:42
98,Bara,NG,10.3744,10.7288,92.28,24,100,2.75,overcast clouds,4/20/2022 18:42
99,Colac,AU,-38.3333,143.5833,51.84,92,30,3.24,scattered clouds,4/20/2022 18:42
100,Paamiut,GL,61.994,-49.6678,25.74,53,100,6.17,overcast clouds,4/20/2022 18:42
101,Qena,EG,26.1615,32.7183,74.17,19,0,12.19,clear sky,4/20/2022 18:42
102,Sao Miguel Do Araguaia,BR,-13.275,-50.1628,88.36,49,36,4.81,scattered clouds,4/20/2022 18:42
103,Te Anau,NZ,-45.4167,167.7167,59.4,95,98,2.68,overcast clouds,4/20/2022 18:42
104,Thompson,CA,55.7435,-97.8558,32.16,51,75,6.91,broken clouds,4/20/2022 18:40
105,Fairbanks,US,64.8378,-147.7164,40.48,43,20,1.99,few clouds,4/20/2022 18:40
106,San Quintin,MX,30.4833,-115.95,66.18,63,0,22.97,clear sky,4/20/2022 18:42
107,Kenitra,MA,34.261,-6.5802,61.56,59,5,13.6,clear sky,4/20/2022 18:42
108,Vila Velha,BR,-20.3297,-40.2925,82.35,73,20,14.97,few clouds,4/20/2022 18:38
109,Constitucion,CL,-35.3333,-72.4167,60.71,57,10,14.99,clear sky,4/20/2022 18:42
110,Haines Junction,CA,60.7522,-137.5108,28.35,50,100,1.14,overcast clouds,4/20/2022 18:42
111,Mehkar,IN,20.1508,76.569,91.89,19,27,14.2,scattered clouds,4/20/2022 18:42
112,Mar Del Plata,AR,-38.0023,-57.5575,64.42,94,40,8.05,mist,4/20/2022 18:40
113,Havre-Saint-Pierre,CA,50.2334,-63.5986,41.36,75,100,9.22,overcast clouds,4/20/2022 18:43
114,Vardo,NO,70.3705,31.1107,37.38,93,0,8.05,clear sky,4/20/2022 18:40
115,Deogarh,IN,21.5333,84.7333,77.54,83,6,4.59,clear sky,4/20/2022 18:43
116,Tatarsk,RU,55.219,75.9828,41.65,73,94,5.23,overcast clouds,4/20/2022 18:43
117,Vila Franca Do Campo,PT,37.7167,-25.4333,61.21,61,85,1.23,overcast clouds,4/20/2022 18:43
118,Brawley,US,32.9787,-115.5303,82.02,22,0,9.22,clear sky,4/20/2022 18:43
119,Tuktoyaktuk,CA,69.4541,-133.0374,3.2,85,75,4.61,mist,4/20/2022 18:43
120,Leningradskiy,RU,69.3833,178.4167,14.88,92,89,3.85,overcast clouds,4/20/2022 18:43
121,Sola,VU,-13.8833,167.55,75.87,100,75,0,broken clouds,4/20/2022 18:43
122,Zhangye,CN,38.9342,100.4517,52.56,15,35,7.92,scattered clouds,4/20/2022 18:43
123,Balassagyarmat,HU,48.073,19.2961,43.79,61,90,4.18,overcast clouds,4/20/2022 18:43
124,Bambous Virieux,MU,-20.3428,57.7575,77.25,88,40,3.44,scattered clouds,4/20/2022 18:43
125,Austin,US,30.2672,-97.7431,84.22,60,100,23.02,overcast clouds,4/20/2022 18:43
126,Lexington,US,37.9887,-84.4777,67.98,37,0,6.91,clear sky,4/20/2022 18:38
127,Bull Savanna,JM,17.8868,-77.5902,79.3,72,54,5.26,broken clouds,4/20/2022 18:43
128,Harer,ET,9.3094,42.1258,65.84,61,7,4.99,clear sky,4/20/2022 18:43
129,Qaanaaq,GL,77.484,-69.3632,-0.38,79,100,8.32,overcast clouds,4/20/2022 18:43
130,Coruripe,BR,-10.1256,-36.1756,82.49,63,47,9.46,scattered clouds,4/20/2022 18:43
131,Rudnogorsk,RU,57.2639,103.7519,24.01,96,100,3.96,light snow,4/20/2022 18:43
132,Port Macquarie,AU,-31.4333,152.9167,55.89,83,12,4.59,few clouds,4/20/2022 18:42
133,Porto Novo,BJ,6.4965,2.6036,84.02,79,100,7.74,overcast clouds,4/20/2022 18:43
134,Beyneu,KZ,45.3167,55.2,68.04,25,100,16.08,overcast clouds,4/20/2022 18:43
135,Khatanga,RU,71.9667,102.5,-15.34,100,100,0.63,overcast clouds,4/20/2022 18:43
136,Deputatskiy,RU,69.3,139.9,6.53,89,97,3.31,overcast clouds,4/20/2022 18:43
137,Codrington,AU,-38.2667,141.9667,56.37,76,99,7.61,overcast clouds,4/20/2022 18:41
138,Enshi,CN,30.3,109.4833,56.48,89,0,0.76,clear sky,4/20/2022 18:43
139,Norman Wells,CA,65.282,-126.8329,24.84,42,0,2.3,clear sky,4/20/2022 18:42
140,Castro,BR,-24.7911,-50.0119,72.3,51,0,4.21,clear sky,4/20/2022 18:43
141,Roald,NO,62.5833,6.1333,54.52,87,0,11.5,clear sky,4/20/2022 18:40
142,Mugan,CN,35.9404,101.3842,46.42,13,80,4.38,broken clouds,4/20/2022 18:43
143,Fortuna,US,40.5982,-124.1573,54.66,91,75,18.41,light rain,4/20/2022 18:43
144,Imeni Babushkina,RU,59.7573,43.1285,37.99,97,100,6.76,overcast clouds,4/20/2022 18:43
145,Sitka,US,57.0531,-135.33,48.09,57,40,4.61,scattered clouds,4/20/2022 18:43
146,Camacha,PT,33.0833,-16.3333,58.42,67,75,18.41,broken clouds,4/20/2022 18:41
147,Anton Lizardo,MX,19.05,-95.9833,92.21,64,0,13.49,clear sky,4/20/2022 18:43
148,Corinto,GR,37.9407,22.9573,60.42,71,1,5.99,clear sky,4/20/2022 18:43
149,Iberia,US,29.9502,-91.7507,78.8,57,40,23.02,scattered clouds,4/20/2022 18:43
150,Narsaq,GL,60.9167,-46.05,37.62,43,65,1.25,broken clouds,4/20/2022 18:43
151,East London,ZA,-33.0153,27.9116,70.74,83,0,8.05,clear sky,4/20/2022 18:40
152,Itarema,BR,-2.9248,-39.9167,81.82,82,91,12.03,overcast clouds,4/20/2022 18:43
153,Nassau,US,40.7507,-73.5829,59.67,34,0,8.05,clear sky,4/20/2022 18:43
154,Lata,PT,40.1629,-8.3327,51.06,73,6,11.68,clear sky,4/20/2022 18:41
155,Port Shepstone,ZA,-30.7414,30.455,67.95,84,0,15.95,clear sky,4/20/2022 18:42
156,Hulin,CZ,49.3169,17.4637,48.15,49,100,4,overcast clouds,4/20/2022 18:43
157,Kodiak,US,57.79,-152.4072,40.51,75,0,4.61,clear sky,4/20/2022 18:43
158,Shahr-E Babak,IR,30.1165,55.1186,65.41,10,6,5.82,clear sky,4/20/2022 18:43
159,Prince Albert,CA,53.2001,-105.7677,31.95,80,100,20.71,overcast clouds,4/20/2022 18:38
160,Flinders,AU,-34.5833,150.8552,58.05,80,0,1.99,clear sky,4/20/2022 18:41
161,Tecoanapa,MX,16.5167,-98.75,88.45,49,0,11.3,clear sky,4/20/2022 18:43
162,Russell,US,32.3502,-85.1999,75.11,31,0,12.66,clear sky,4/20/2022 18:43
163,Astoria,US,46.1879,-123.8313,45.86,76,100,18.41,overcast clouds,4/20/2022 18:43
164,Avarua,CK,-21.2078,-159.775,77.05,65,20,9.22,few clouds,4/20/2022 18:39
165,Severo-Yeniseyskiy,RU,60.3725,93.0408,18.01,98,100,3.24,overcast clouds,4/20/2022 18:43
166,Chute-Aux-Outardes,CA,49.1168,-68.399,40.98,56,100,18.41,overcast clouds,4/20/2022 18:43
167,Puerto Baquerizo Moreno,EC,-0.9,-89.6,77.99,78,75,16.11,broken clouds,4/20/2022 18:43
168,Pevek,RU,69.7008,170.3133,14.36,87,100,2.35,overcast clouds,4/20/2022 18:43
169,Kamenka,RU,51.3223,42.7678,52.84,90,78,13.96,broken clouds,4/20/2022 18:43
170,Port-Gentil,GA,-0.7193,8.7815,80.56,89,20,2.3,few clouds,4/20/2022 18:43
171,Yulara,AU,-25.2406,130.9889,62.44,34,87,9.22,overcast clouds,4/20/2022 18:43
172,Sobolevo,RU,54.4299,31.8996,47.1,78,100,16.71,light rain,4/20/2022 18:43
173,Hobart,AU,-42.8794,147.3294,49.86,70,6,1.14,clear sky,4/20/2022 18:43
174,Hammerfest,NO,70.6634,23.6821,41.45,70,0,0,clear sky,4/20/2022 18:43
175,Hays,US,30.0502,-98.0336,81.99,39,21,20.71,few clouds,4/20/2022 18:43
176,Noumea,NC,-22.2763,166.4572,75.99,99,53,2.73,broken clouds,4/20/2022 18:41
177,Inhambane,MZ,-23.865,35.3833,75.18,88,75,4.61,broken clouds,4/20/2022 18:43
178,Alofi,NU,-19.0595,-169.9187,75.09,94,85,4.61,overcast clouds,4/20/2022 18:43
179,Loknya,RU,56.83,30.1467,47.98,69,1,11.99,clear sky,4/20/2022 18:43
180,Saint George,US,37.1041,-113.5841,77.43,20,0,4,clear sky,4/20/2022 18:43
181,Blagoveshchenka,RU,52.8333,79.8667,41.31,83,100,6.71,overcast clouds,4/20/2022 18:43
182,Ilulissat,GL,69.2167,-51.1,15.82,45,0,6.91,clear sky,4/20/2022 18:40
183,Mehamn,NO,71.0357,27.8492,40.91,93,82,6.44,broken clouds,4/20/2022 18:43
184,Manokwari,ID,-0.8667,134.0833,78.33,81,78,3.11,broken clouds,4/20/2022 18:43
185,Tukrah,LY,32.5341,20.5791,60.4,65,98,6.73,overcast clouds,4/20/2022 18:43
186,Saqqez,IR,36.2499,46.2735,55.4,52,100,4.63,overcast clouds,4/20/2022 18:43
187,Cidreira,BR,-30.1811,-50.2056,70.84,67,0,7.7,clear sky,4/20/2022 18:43
188,San Fernando,PH,15.0286,120.6898,80.33,81,9,4.27,clear sky,4/20/2022 18:43
189,Pisco,PE,-13.7,-76.2167,75.25,64,0,18.41,clear sky,4/20/2022 18:43
190,Nabire,ID,-3.3667,135.4833,77.4,93,100,2.66,overcast clouds,4/20/2022 18:43
191,Murgab,TM,37.4966,61.9714,62.47,77,0,6.91,clear sky,4/20/2022 18:43
192,Whitefish,US,48.4111,-114.3376,47.5,50,75,3.44,broken clouds,4/20/2022 18:43
193,Touros,BR,-5.1989,-35.4608,83.82,68,100,13.27,overcast clouds,4/20/2022 18:43
194,Hargeysa,SO,9.56,44.065,73.38,73,16,7.63,light rain,4/20/2022 18:43
195,Maumere,ID,-8.6199,122.2111,79.72,83,85,7.09,overcast clouds,4/20/2022 18:43
196,Maracaibo,VE,10.6317,-71.6406,83.19,69,100,2.62,overcast clouds,4/20/2022 18:42
197,Poya,NC,-21.35,165.15,73.08,83,37,5.46,scattered clouds,4/20/2022 18:43
198,Ewa Beach,US,21.3156,-158.0072,76.42,69,40,11.5,scattered clouds,4/20/2022 18:41
199,Adrar,MR,20.5022,-10.0711,89.56,14,39,9.17,scattered clouds,4/20/2022 18:43
200,Makakilo City,US,21.3469,-158.0858,75,69,0,11.5,clear sky,4/20/2022 18:43
201,Toamasina,MG,-18.1667,49.3833,77,94,75,8.05,broken clouds,4/20/2022 18:43
202,Kem,RU,64.9555,34.5793,33.76,88,100,4.85,overcast clouds,4/20/2022 18:43
203,Geraldton,AU,-28.7667,114.6,66.61,48,97,13.8,overcast clouds,4/20/2022 18:43
204,Catabangan,PH,13.8777,122.6615,75.65,94,12,3.29,few clouds,4/20/2022 18:43
205,Progreso,MX,21.2833,-89.6667,94.1,50,0,16.6,clear sky,4/20/2022 18:43
206,Batemans Bay,AU,-35.7167,150.1833,56.1,80,57,3.94,broken clouds,4/20/2022 18:43
207,Panaba,MX,21.2833,-88.2667,97,25,0,9.01,clear sky,4/20/2022 18:43
208,Labuhan,ID,-6.8844,112.2051,78.78,84,88,3.85,overcast clouds,4/20/2022 18:43
209,Arkhangelsk,RU,64.5401,40.5433,30.31,74,0,4.47,clear sky,4/20/2022 18:43
210,Andenes,NO,69.3143,16.1194,46.38,76,75,8.05,broken clouds,4/20/2022 18:43
211,Huaihua,CN,27.5494,109.9592,58.39,94,0,4.14,clear sky,4/20/2022 18:43
212,Puerto Quijarro,BO,-17.7833,-57.7667,97.43,24,12,4.92,few clouds,4/20/2022 18:43
213,Tierralta,CO,8.1736,-76.0592,80.44,81,90,4.45,overcast clouds,4/20/2022 18:43
214,Bathsheba,BB,13.2167,-59.5167,84.81,58,40,21.85,scattered clouds,4/20/2022 18:43
215,Merritt Island,US,28.5392,-80.672,78.89,55,0,18.41,clear sky,4/20/2022 18:43
216,Tarusan,PH,8.6546,117.5104,77.95,87,34,6.64,scattered clouds,4/20/2022 18:43
217,Oistins,BB,13.0667,-59.5333,84.29,58,40,21.85,scattered clouds,4/20/2022 18:43
218,Grand Forks,US,47.9417,-97.4337,35.96,99,100,7.36,overcast clouds,4/20/2022 18:43
219,Bengkulu,ID,-3.8004,102.2655,75.76,91,100,8.34,overcast clouds,4/20/2022 18:43
220,Longyearbyen,SJ,78.2186,15.6401,28.24,74,75,19.57,broken clouds,4/20/2022 18:41
221,Skovorodino,RU,53.9833,123.9167,18.5,89,28,2.39,scattered clouds,4/20/2022 18:43
222,Boleslawiec,PL,51.2642,15.5697,43.02,96,100,8.77,overcast clouds,4/20/2022 18:43
223,Richards Bay,ZA,-28.783,32.0377,64.83,87,100,6.69,overcast clouds,4/20/2022 18:43
224,Provideniya,RU,64.3833,-173.3,24.42,81,58,5.28,broken clouds,4/20/2022 18:43
225,Agadez,NE,19.75,10.25,82.71,11,5,6.82,clear sky,4/20/2022 18:43
226,Klaksvik,FO,62.2266,-6.589,47.32,93,9,15.73,clear sky,4/20/2022 18:44
227,Tonstad,NO,58.6626,6.7169,47.19,74,7,8.19,clear sky,4/20/2022 18:44
228,Batagay-Alyta,RU,67.8006,130.4114,14.2,96,100,4.16,light snow,4/20/2022 18:44
229,Coxim,BR,-18.5067,-54.76,92.62,29,0,5.03,clear sky,4/20/2022 18:43
230,Purranque,CL,-40.9167,-73.1667,58.28,59,100,2.24,overcast clouds,4/20/2022 18:43
231,Merauke,ID,-8.4667,140.3333,79.75,82,100,3.47,overcast clouds,4/20/2022 18:44
232,Port Hedland,AU,-20.3167,118.5667,78.85,44,92,5.75,overcast clouds,4/20/2022 18:40
233,Amboasary,MG,-25.0333,46.3833,74.17,87,1,13.82,clear sky,4/20/2022 18:44
234,Georgetown,MY,5.4112,100.3354,79.95,94,20,3.44,few clouds,4/20/2022 18:44
235,Belmonte,BR,-15.8631,-38.8828,80.38,72,19,12.01,few clouds,4/20/2022 18:40
236,Sunland Park,US,31.7965,-106.58,85.35,21,0,21.85,clear sky,4/20/2022 18:44
237,Broome,US,42.2506,-75.833,50.9,48,0,5.99,clear sky,4/20/2022 18:44
238,Manicore,BR,-5.8092,-61.3003,83.25,82,91,1.72,overcast clouds,4/20/2022 18:44
239,Malavalli,IN,12.3833,77.0833,82.27,44,6,2.77,clear sky,4/20/2022 18:44
240,Padang,ID,-0.9492,100.3543,75.25,91,100,4.99,heavy intensity rain,4/20/2022 18:44
241,Plettenberg Bay,ZA,-34.0527,23.3716,71.65,43,83,6.13,broken clouds,4/20/2022 18:44
242,Saint Anthony,US,45.0205,-93.218,45.25,88,100,14.97,light rain,4/20/2022 18:44
243,Souillac,MU,-20.5167,57.5167,77.38,88,40,3.44,scattered clouds,4/20/2022 18:40
244,Vostok,RU,46.4856,135.8833,43.41,63,100,7.74,overcast clouds,4/20/2022 18:41
245,Port Hardy,CA,50.6996,-127.4199,48.38,66,75,21.85,broken clouds,4/20/2022 18:44
246,Grindavik,IS,63.8424,-22.4338,48.15,93,100,8.05,overcast clouds,4/20/2022 18:44
247,Moose Factory,CA,51.2585,-80.6094,42.8,36,0,10.36,clear sky,4/20/2022 18:44
248,Suntar,RU,62.1444,117.6319,16.68,96,99,3.09,overcast clouds,4/20/2022 18:44
249,Husavik,IS,66.0449,-17.3389,44.17,81,85,11.45,overcast clouds,4/20/2022 18:44
250,Saldanha,ZA,-33.0117,17.9442,66.25,88,90,7.4,overcast clouds,4/20/2022 18:44
251,Tadine,NC,-21.55,167.8833,75.33,76,94,8.43,overcast clouds,4/20/2022 18:44
252,Lagoa,PT,39.05,-27.9833,59.02,63,6,5.73,clear sky,4/20/2022 18:44
253,Salalah,OM,17.0151,54.0924,82.49,74,40,5.75,scattered clouds,4/20/2022 18:42
254,Jiangkou,CN,25.4872,119.1986,60.87,84,81,2.39,moderate rain,4/20/2022 18:44
255,Puerto Colombia,CO,10.9878,-74.9547,77.31,85,100,14,overcast clouds,4/20/2022 18:44
256,Coquimbo,CL,-29.9533,-71.3436,64.13,72,40,11.5,scattered clouds,4/20/2022 18:44
257,Kashan,IR,33.9831,51.4364,82.72,16,100,6.06,overcast clouds,4/20/2022 18:44
258,Dixon,US,38.4455,-121.8233,67.28,50,0,10.36,clear sky,4/20/2022 18:44
259,Honningsvag,NO,70.9821,25.9704,40.75,81,90,0,overcast clouds,4/20/2022 18:44
260,Milkovo,RU,54.7167,158.6167,24.98,84,100,2.98,overcast clouds,4/20/2022 18:44
261,Baruun-Urt,MN,46.6806,113.2792,35.15,33,100,19.1,overcast clouds,4/20/2022 18:44
262,Lerwick,GB,60.1545,-1.1494,48.2,85,100,10.78,overcast clouds,4/20/2022 18:44
263,Angoche,MZ,-16.2325,39.9086,76.62,90,61,8.66,broken clouds,4/20/2022 18:44
264,Ayagoz,KZ,47.9714,80.4392,46.45,40,100,1.23,overcast clouds,4/20/2022 18:44
265,Lensk,RU,60.7253,114.9278,8.87,98,100,3.33,overcast clouds,4/20/2022 18:44
266,Srednekolymsk,RU,67.45,153.6833,2.43,96,41,2.44,scattered clouds,4/20/2022 18:40
267,Alamosa,US,37.4695,-105.87,64.38,9,0,4.61,clear sky,4/20/2022 18:44
268,Chuy,UY,-33.6971,-53.4616,75.07,52,0,10.85,clear sky,4/20/2022 18:39
269,Tahoua,NE,14.8888,5.2692,100.38,14,64,4.61,broken clouds,4/20/2022 18:44
270,Harper,LR,4.375,-7.7169,81.52,78,96,9.46,overcast clouds,4/20/2022 18:42
271,Yoichi,JP,43.2039,140.7703,46.04,59,1,10.36,clear sky,4/20/2022 18:44
272,Praia,CV,14.9215,-23.5087,79.34,57,0,19.57,clear sky,4/20/2022 18:44
273,Sao Paulo De Olivenca,BR,-3.3783,-68.8725,74.21,98,100,4.03,overcast clouds,4/20/2022 18:44
274,Hay River,CA,60.8156,-115.7999,26.58,43,0,5.75,clear sky,4/20/2022 18:44
275,Axim,GH,4.8699,-2.2405,81.32,86,57,11.5,broken clouds,4/20/2022 18:44
276,Sakaiminato,JP,35.55,133.2333,51.78,76,75,3.44,broken clouds,4/20/2022 18:44
277,Azare,NG,11.6765,10.1948,91.49,23,99,8.77,overcast clouds,4/20/2022 18:44
278,Miri,MY,4.4148,114.0089,75.34,100,40,3.44,light rain,4/20/2022 18:44
279,Iquitos,PE,-3.7481,-73.2472,84.24,74,75,4.61,broken clouds,4/20/2022 18:44
280,Ardahan,TR,41.1087,42.7022,37.31,94,44,3.44,scattered clouds,4/20/2022 18:44
281,Madera,US,37.1666,-119.8343,71.01,45,3,6.69,clear sky,4/20/2022 18:44
282,Arona,ES,28.0996,-16.681,62.13,57,0,25.32,clear sky,4/20/2022 18:44
283,Timra,SE,62.487,17.3257,44.28,61,17,4.61,few clouds,4/20/2022 18:44
284,Laguna,US,38.421,-121.4238,66.76,55,0,8.05,clear sky,4/20/2022 18:44
285,Kavaratti,IN,10.5669,72.642,84.42,72,5,10.85,clear sky,4/20/2022 18:44
286,San Patricio,US,28.017,-97.5169,82.29,54,100,23.02,overcast clouds,4/20/2022 18:41
287,Ketchikan,US,55.3422,-131.6461,48.18,66,0,3.44,clear sky,4/20/2022 18:44
288,Shebalino,RU,51.2917,85.6772,36.12,88,96,4.07,overcast clouds,4/20/2022 18:44
289,Reconquista,AR,-29.15,-59.65,81.39,51,31,8.21,scattered clouds,4/20/2022 18:42
290,Mosquera,CO,4.7059,-74.2302,60.89,67,100,4.61,moderate rain,4/20/2022 18:44
291,Banjar,ID,-8.19,114.9675,76.5,89,100,2.06,overcast clouds,4/20/2022 18:44
292,Lavrentiya,RU,65.5833,-171,16.57,80,3,3.53,clear sky,4/20/2022 18:44
293,Abalak,RU,58.1286,68.5944,38.91,92,100,3.42,overcast clouds,4/20/2022 18:44
294,Mitsamiouli,KM,-11.3847,43.2844,82.31,77,83,7.67,broken clouds,4/20/2022 18:41
295,Peterhead,GB,57.5058,-1.7981,46.45,88,98,10.07,overcast clouds,4/20/2022 18:44
296,Timizart,DZ,36.8,4.2667,51.85,82,100,5.59,light rain,4/20/2022 18:44
297,Kahului,US,20.8947,-156.47,77.85,70,40,14.97,scattered clouds,4/20/2022 18:40
298,Rio Gallegos,AR,-51.6226,-69.2181,64.45,29,40,18.41,scattered clouds,4/20/2022 18:44
299,Tshane,BW,-24.0196,21.8684,64,54,0,8.59,clear sky,4/20/2022 18:44
300,Ulladulla,AU,-35.35,150.4667,56.3,78,100,3.36,overcast clouds,4/20/2022 18:44
301,Egvekinot,RU,66.3167,-179.1667,22.51,82,99,1.81,overcast clouds,4/20/2022 18:44
302,Neuquen,AR,-38.9516,-68.0591,65.52,22,0,22.17,clear sky,4/20/2022 18:44
303,Pucallpa,PE,-8.3791,-74.5539,82.44,83,75,5.75,broken clouds,4/20/2022 18:44
304,Ostrovnoy,RU,68.0531,39.5131,32.43,91,100,6.85,overcast clouds,4/20/2022 18:44
305,Peace River,CA,56.2501,-117.286,30.51,80,100,3.44,light snow,4/20/2022 18:44
306,Roshchino,RU,60.2519,29.6085,46.02,91,23,9.95,few clouds,4/20/2022 18:44
307,Gorontalo,ID,0.5412,123.0595,74.88,95,100,2.77,overcast clouds,4/20/2022 18:44
308,Pacific Grove,US,36.6177,-121.9166,65.41,61,0,8.05,clear sky,4/20/2022 18:40
309,Coffs Harbour,AU,-30.3,153.1333,60.13,94,100,1.14,overcast clouds,4/20/2022 18:44
310,Alexandria,EG,31.2156,29.9553,62.56,72,40,9.22,scattered clouds,4/20/2022 18:41
311,San Felipe,VE,10.3399,-68.7425,83.03,71,94,6.08,overcast clouds,4/20/2022 18:44
312,Olafsvik,IS,64.8945,-23.7142,44.58,89,100,14.54,overcast clouds,4/20/2022 18:44
313,Jinchang,CN,38.4953,102.1739,52.81,15,100,6.96,overcast clouds,4/20/2022 18:44
314,Rawson,AR,-43.3002,-65.1023,63.28,28,100,13.71,overcast clouds,4/20/2022 18:40
315,Bundaberg,AU,-24.85,152.35,68.29,99,39,5.75,scattered clouds,4/20/2022 18:44
316,Taltal,CL,-25.4,-70.4833,66.09,73,48,9.4,scattered clouds,4/20/2022 18:41
317,Ahipara,NZ,-35.1667,173.1667,67.28,87,100,8.55,overcast clouds,4/20/2022 18:44
318,Kieta,PG,-6.2167,155.6333,79.07,86,75,4.16,light rain,4/20/2022 18:44
319,Furano,JP,43.2818,142.4743,37.47,58,0,4.81,clear sky,4/20/2022 18:44
320,Tiarei,PF,-17.5333,-149.3333,82.42,74,35,8.61,light rain,4/20/2022 18:44
321,Catacamas,HN,14.8,-85.9,100.81,38,40,2.3,scattered clouds,4/20/2022 18:44
322,Khandyga,RU,62.6667,135.6,18.95,98,100,0.47,light snow,4/20/2022 18:44
323,Kaitangata,NZ,-46.2817,169.8464,56.21,99,60,6.26,light rain,4/20/2022 18:44
324,Shingu,JP,33.7333,135.9833,57.7,71,100,4.97,overcast clouds,4/20/2022 18:44
325,Toora-Khem,RU,52.4675,96.11,26.83,80,100,0.47,overcast clouds,4/20/2022 18:44
326,Baherden,TM,38.4362,57.4316,70.54,43,0,6.73,clear sky,4/20/2022 18:44
327,Rio Grande,BR,-32.035,-52.0986,80.71,63,0,10.27,clear sky,4/20/2022 18:44
328,Aswan,EG,24.0934,32.907,81.7,13,0,9.22,clear sky,4/20/2022 18:44
329,Santa Cruz De La Palma,ES,28.6835,-17.7642,66.34,63,75,18.41,broken clouds,4/20/2022 18:44
330,Polson,US,47.6936,-114.1632,48.22,59,27,11.01,scattered clouds,4/20/2022 18:44
331,Andros Town,BS,24.7,-77.7667,78.76,73,84,25.3,broken clouds,4/20/2022 18:41
332,Orlik,RU,52.5178,99.825,20.82,76,100,3.85,overcast clouds,4/20/2022 18:44
333,Mao,ES,39.8885,4.2658,57.76,77,20,8.05,few clouds,4/20/2022 18:44
334,Los Tangos,HN,15.15,-88.6833,87.69,34,0,4.83,clear sky,4/20/2022 18:44
335,Vao,NC,-22.6667,167.4833,74.79,72,2,8.19,clear sky,4/20/2022 18:40
336,Bilibino,RU,68.0546,166.4372,9.27,93,100,3.06,overcast clouds,4/20/2022 18:44
337,Semey,KZ,50.4111,80.2275,52.45,64,100,5.26,overcast clouds,4/20/2022 18:44
338,Buraydah,SA,26.326,43.975,86.45,17,62,14.05,broken clouds,4/20/2022 18:45
339,Yarmouth,US,41.7057,-70.2286,57.97,43,0,17.27,clear sky,4/20/2022 18:41
340,Caravelas,BR,-17.7125,-39.2481,79.86,59,4,7.83,clear sky,4/20/2022 18:45
341,Zvenigovo,RU,55.9742,48.0181,45.55,92,6,7.67,clear sky,4/20/2022 18:45
342,Faanui,PF,-16.4833,-151.75,80.58,70,6,6.4,clear sky,4/20/2022 18:45
343,Talavera,PH,15.6167,120.9333,74.12,84,6,3.51,clear sky,4/20/2022 18:45
344,Noshiro,JP,40.2039,140.0242,47.01,58,0,7.25,clear sky,4/20/2022 18:45
345,Palaikastron,GR,35.2,26.25,57.24,72,0,3.76,clear sky,4/20/2022 18:45
346,Kadoma,JP,34.7333,135.5833,60.66,67,100,3.44,overcast clouds,4/20/2022 18:45
347,Guasdualito,VE,7.2424,-70.7324,89.6,51,40,4.61,scattered clouds,4/20/2022 18:45
348,Bereda,ES,43.2686,-7.5406,48.15,76,6,3.85,clear sky,4/20/2022 18:45
349,Maceio,BR,-9.6658,-35.7353,85.44,58,20,10.36,few clouds,4/20/2022 18:44
350,Malaya Serdoba,RU,52.4661,44.9512,56.88,76,100,17.09,overcast clouds,4/20/2022 18:45
351,Panguna,PG,-6.3164,155.4848,68.68,97,96,3.18,overcast clouds,4/20/2022 18:45
352,Magadan,RU,59.5667,150.8,16.86,92,89,8.72,overcast clouds,4/20/2022 18:45
353,Yuksekova,TR,37.5736,44.2872,42.55,87,75,4.61,broken clouds,4/20/2022 18:45
354,Sao Filipe,CV,14.8961,-24.4956,73.47,77,100,8.97,overcast clouds,4/20/2022 18:45
355,Paciran,ID,-6.8767,112.3761,79.23,83,93,3.27,overcast clouds,4/20/2022 18:45
356,Ixtapa,MX,20.7,-105.2,79.83,57,0,9.22,clear sky,4/20/2022 18:45
357,Caruray,PH,10.3094,119.0128,78.04,85,50,4.45,scattered clouds,4/20/2022 18:45
358,Fountain,US,38.6822,-104.7008,71.73,21,0,21.85,clear sky,4/20/2022 18:45
359,Ancud,CL,-41.8697,-73.8203,51.22,70,100,12.62,overcast clouds,4/20/2022 18:45
360,Kralendijk,BQ,12.15,-68.2667,84.18,70,75,14.97,broken clouds,4/20/2022 18:45
361,Tinde,TZ,-3.8833,33.2,71.28,70,89,2.55,light rain,4/20/2022 18:45
362,Atar,MR,20.5169,-13.0499,92.61,14,17,13.02,few clouds,4/20/2022 18:45
363,Ibia,BR,-19.4783,-46.5389,83.91,52,93,3.67,overcast clouds,4/20/2022 18:45
364,Nokaneng,BW,-19.6667,22.2667,67.1,45,5,10.92,clear sky,4/20/2022 18:45
365,Kargasok,RU,59.0556,80.8572,32.49,98,100,2.39,overcast clouds,4/20/2022 18:45
366,Burns Lake,CA,54.2331,-125.7533,38.62,60,100,5.23,overcast clouds,4/20/2022 18:45
367,Aitape,PG,-3.1374,142.3475,78.6,86,100,3.18,overcast clouds,4/20/2022 18:45
368,Umba,RU,66.6871,34.3429,31.96,94,100,11.03,overcast clouds,4/20/2022 18:45
369,Shitanjing,CN,39.2342,106.3439,54.82,13,51,18.14,broken clouds,4/20/2022 18:45
370,Eirunepe,BR,-6.6603,-69.8736,76.06,92,100,2.73,overcast clouds,4/20/2022 18:45
371,Kattivakkam,IN,13.2167,80.3167,86.09,87,3,10.87,clear sky,4/20/2022 18:45
372,Poum,NC,-20.2333,164.0167,77.11,79,23,12.03,few clouds,4/20/2022 18:45
373,Ahvaz,IR,31.3203,48.6693,80.55,22,0,0,clear sky,4/20/2022 18:45
374,Nhulunbuy,AU,-12.2333,136.7667,75.81,100,100,0,overcast clouds,4/20/2022 18:45
375,San Cristobal,VE,7.7669,-72.225,78.98,70,100,1.3,overcast clouds,4/20/2022 18:45
376,Zhigansk,RU,66.7697,123.3711,13.89,96,99,4.59,overcast clouds,4/20/2022 18:45
377,Sabang,ID,5.8933,95.3214,82.78,73,99,4.99,overcast clouds,4/20/2022 18:45
378,Santa Maria,BR,-29.6842,-53.8069,79.9,50,20,12.66,few clouds,4/20/2022 18:45
379,Dourbali,TD,11.8091,15.8632,94.01,15,100,7.83,overcast clouds,4/20/2022 18:45
380,Kununurra,AU,-15.7667,128.7333,73.38,88,100,0,overcast clouds,4/20/2022 18:45
381,Cherskiy,RU,68.75,161.3,9.28,90,100,4.07,overcast clouds,4/20/2022 18:45
382,Ruangwa,TZ,-10.0667,38.9333,70.61,96,94,3.27,overcast clouds,4/20/2022 18:45
383,Hirara,JP,24.8,125.2833,74.07,81,100,14.85,overcast clouds,4/20/2022 18:45
384,Salta,AR,-24.7859,-65.4117,79.57,47,0,5.01,clear sky,4/20/2022 18:45
385,Sweetwater,US,25.7634,-80.3731,83.01,58,75,25.32,broken clouds,4/20/2022 18:45
386,Akyab,MM,20.15,92.9,80.38,78,7,3.87,clear sky,4/20/2022 18:45
387,Fare,PF,-16.7,-151.0167,80.64,69,6,6.02,clear sky,4/20/2022 18:45
388,Usinsk,RU,65.9939,57.5281,17.53,89,100,12.5,overcast clouds,4/20/2022 18:45
389,Muros,ES,42.7762,-9.0603,55.83,57,6,10.67,clear sky,4/20/2022 18:45
390,Marawi,PH,7.9986,124.2928,69.03,93,100,1.92,overcast clouds,4/20/2022 18:45
391,Wasilla,US,61.5814,-149.4394,42.53,35,0,5.75,clear sky,4/20/2022 18:44
392,Alcudia,ES,39.8532,3.1214,60.75,70,100,14.47,overcast clouds,4/20/2022 18:45
393,Cururupu,BR,-1.8283,-44.8683,82.72,72,100,4.99,overcast clouds,4/20/2022 18:45
394,Biak,ID,-0.9131,122.8766,75.9,85,98,0.74,overcast clouds,4/20/2022 18:45
395,Korla,CN,41.7597,86.1469,66.76,17,100,13.89,overcast clouds,4/20/2022 18:45
396,Esmeraldas,BR,-19.7625,-44.3139,84.31,39,0,5.3,clear sky,4/20/2022 18:43
397,Saint-Georges,GD,12.0564,-61.7485,85.68,62,20,23.02,few clouds,4/20/2022 18:45
398,Visnes,NO,59.3556,5.2242,51.85,62,0,8.05,clear sky,4/20/2022 18:45
399,Cockburn Town,TC,21.4612,-71.1419,78.76,78,75,13.8,broken clouds,4/20/2022 18:45
400,Tilichiki,RU,60.4667,166.1,4.32,99,97,7.7,overcast clouds,4/20/2022 18:41
401,Grand-Lahou,CI,5.1367,-5.0242,80.53,86,100,7.65,overcast clouds,4/20/2022 18:45
402,Urumqi,CN,43.801,87.6005,59.95,22,0,2.24,clear sky,4/20/2022 18:41
403,Honiara,SB,-9.4333,159.95,77.5,87,77,4.47,broken clouds,4/20/2022 18:45
404,Owando,CG,-0.4819,15.8999,71.19,98,100,4.72,overcast clouds,4/20/2022 18:45
405,Baykit,RU,61.67,96.37,6.26,98,97,2.04,overcast clouds,4/20/2022 18:45
406,Saint-Francois,FR,46.4154,3.9054,60.24,59,0,2.3,clear sky,4/20/2022 18:45
407,Belaya Gora,RU,68.5333,146.4167,5.94,98,100,1.92,overcast clouds,4/20/2022 18:45
408,Dubbo,AU,-32.25,148.6167,44.73,93,3,9.22,clear sky,4/20/2022 18:43
409,Kainantu,PG,-6.2887,145.8655,59.14,98,85,1.05,overcast clouds,4/20/2022 18:45
410,Najran,SA,17.4924,44.1277,83.05,19,72,2.35,broken clouds,4/20/2022 18:45
411,Buala,SB,-8.145,159.5921,79.97,84,76,5.88,light rain,4/20/2022 18:45
412,Effingham,US,32.3669,-81.3332,73.85,37,5,12.55,clear sky,4/20/2022 18:45
413,Kollo,NE,13.3043,2.339,102.63,15,53,4.34,broken clouds,4/20/2022 18:41
414,Aksu,CN,41.1231,80.2644,71.65,15,100,4.16,overcast clouds,4/20/2022 18:45
415,Kapoeta,SS,4.7717,33.5903,82.87,52,100,1.77,overcast clouds,4/20/2022 18:45
416,Goderich,CA,43.7501,-81.7165,41.32,60,100,5.75,overcast clouds,4/20/2022 18:45
417,Granville,AU,-33.8333,151.0167,59.29,79,20,9.22,few clouds,4/20/2022 18:40
418,Shelburne,CA,44.0787,-80.2041,49.77,70,24,6.58,few clouds,4/20/2022 18:43
419,Laem Sing,TH,12.4816,102.0738,85.14,78,66,3.6,broken clouds,4/20/2022 18:45
420,Onega,RU,63.9061,38.1404,28.22,93,11,4.65,few clouds,4/20/2022 18:45
421,Danielskuil,ZA,-28.1887,23.5395,59.67,48,7,4.83,clear sky,4/20/2022 18:45
422,Maues,BR,-3.3836,-57.7186,81.52,76,97,4.43,overcast clouds,4/20/2022 18:45
423,Killybegs,IE,54.6333,-8.45,56.91,70,100,9.64,overcast clouds,4/20/2022 18:45
424,Helena,US,46.5927,-112.0361,44.98,49,40,15.99,scattered clouds,4/20/2022 18:45
425,Ihosy,MG,-22.4,46.1167,66.49,92,38,10.96,scattered clouds,4/20/2022 18:45
426,Nanortalik,GL,60.1432,-45.2371,30.96,60,77,12.1,broken clouds,4/20/2022 18:41
427,Shimoda,JP,34.6667,138.95,57.61,81,98,7.65,overcast clouds,4/20/2022 18:45
428,Totolapan,MX,18.5167,-96.1833,99.75,28,0,8.7,clear sky,4/20/2022 18:45
429,Boyolangu,ID,-8.1181,111.8935,75.72,90,99,2.8,overcast clouds,4/20/2022 18:45
430,Port Neches,US,29.9913,-93.9585,82.38,63,75,24.16,broken clouds,4/20/2022 18:45
431,Dawlatabad,AF,36.4141,64.9053,63.97,58,91,3.89,overcast clouds,4/20/2022 18:45
432,Lorengau,PG,-2.0226,147.2712,82.11,73,72,11.14,broken clouds,4/20/2022 18:45
433,Chapais,CA,49.7834,-74.8492,33.58,62,6,14.45,clear sky,4/20/2022 18:45
434,Prince Rupert,CA,54.3161,-130.3201,50.09,53,0,5.75,clear sky,4/20/2022 18:44
435,Macusani,PE,-14.0833,-70.4333,53.15,37,7,9.89,clear sky,4/20/2022 18:45
436,Port Moresby,PG,-9.4431,147.1797,76.01,91,100,3.96,overcast clouds,4/20/2022 18:45
437,Hovd,MN,48.0056,91.6419,37.81,47,10,1.1,clear sky,4/20/2022 18:45
438,Olot,ES,42.181,2.4901,54.75,66,100,5.21,light rain,4/20/2022 18:45
439,Male,MV,4.1748,73.5089,84.15,79,75,9.22,broken clouds,4/20/2022 18:45
440,Oussouye,SN,12.485,-16.5469,91.58,52,97,12.26,overcast clouds,4/20/2022 18:45
441,Mizdah,LY,31.4451,12.9801,76.86,12,100,12.26,overcast clouds,4/20/2022 18:45
442,Fomboni,KM,-12.28,43.7425,84.15,75,100,13.11,overcast clouds,4/20/2022 18:46
443,Ramnagar,IN,29.4,79.1167,83.52,19,100,4.74,overcast clouds,4/20/2022 18:46
444,Acarau,BR,-2.8856,-40.12,82.29,80,86,12.86,overcast clouds,4/20/2022 18:41
445,Brownsville,US,25.9018,-97.4975,82.09,75,40,29.93,scattered clouds,4/20/2022 18:46
446,Berezovyy,RU,51.6667,135.7,33.1,96,100,3,overcast clouds,4/20/2022 18:46
447,Ponta Delgada,PT,37.7333,-25.6667,61.52,63,20,3.44,few clouds,4/20/2022 18:46
448,Kandrian,PG,-6.2167,149.55,77.23,86,78,3,broken clouds,4/20/2022 18:46
449,Cerritos,US,33.8583,-118.0648,72.37,67,40,10.36,scattered clouds,4/20/2022 18:42
450,Bay Roberts,CA,47.5999,-53.2648,48.04,82,100,8.01,overcast clouds,4/20/2022 18:46
451,Edenderry,IE,53.3453,-7.0497,55.63,84,100,5.23,overcast clouds,4/20/2022 18:46
452,Pangnirtung,CA,66.1451,-65.7125,17.6,57,75,13.8,broken clouds,4/20/2022 18:46
453,Mackenzie,CA,55.2999,-123.1698,32.22,51,0,4.61,clear sky,4/20/2022 18:46
454,Zonguldak,TR,41.25,31.8333,39.16,82,14,4.12,few clouds,4/20/2022 18:46
455,Phan Thiet,VN,10.9333,108.1,77.34,87,44,7.78,scattered clouds,4/20/2022 18:46
456,Arlit,NE,18.7369,7.3853,92.28,10,77,5.61,broken clouds,4/20/2022 18:46
457,Tatarskaya Pishlya,RU,54.0608,44.8998,44.49,90,100,15.95,light rain,4/20/2022 18:46
458,Dejen,ET,10.1667,38.1333,65.82,35,100,3.38,overcast clouds,4/20/2022 18:46
459,Auki,SB,-8.7676,160.7034,77.32,89,68,4.36,broken clouds,4/20/2022 18:46
460,Shirokiy,RU,49.758,129.523,42.26,83,100,7.52,light rain,4/20/2022 18:46
461,Stokmarknes,NO,68.5646,14.9108,44.58,76,75,5.75,broken clouds,4/20/2022 18:46
462,Portland,US,45.5234,-122.6762,48.13,89,100,14.97,light rain,4/20/2022 18:43
463,Namibe,AO,-15.1961,12.1522,76.46,86,99,6.04,overcast clouds,4/20/2022 18:46
464,Amahai,ID,-3.3333,128.9167,78.4,86,47,3.44,scattered clouds,4/20/2022 18:46
465,Koutiala,ML,12.3917,-5.4642,97.18,9,88,9.22,overcast clouds,4/20/2022 18:46
466,Tifton,US,31.4505,-83.5085,75.16,43,0,5.75,clear sky,4/20/2022 18:44
467,Bonthe,SL,7.5264,-12.505,81.5,76,25,9.28,scattered clouds,4/20/2022 18:46
468,Sidmouth,GB,50.6909,-3.2397,57.99,63,20,5.75,few clouds,4/20/2022 18:46
469,Gisborne,NZ,-38.6533,178.0042,57.18,91,100,5.37,overcast clouds,4/20/2022 18:46
470,Skegness,GB,53.1436,0.3363,53.67,79,13,12.55,few clouds,4/20/2022 18:46
471,Korem,ET,12.5058,39.5228,61.95,42,5,4.97,clear sky,4/20/2022 18:46
472,Asau,RO,46.4333,26.4,40.95,80,97,3.2,overcast clouds,4/20/2022 18:46
473,Hasaki,JP,35.7333,140.8333,55.8,85,46,8.41,scattered clouds,4/20/2022 18:46
474,Avera,US,33.194,-82.5271,71.11,39,17,9.95,few clouds,4/20/2022 18:46
475,Komsomolskiy,UZ,40.4272,71.7189,59.72,77,100,4.61,overcast clouds,4/20/2022 18:46
476,Malanje,AO,-9.5402,16.341,65.53,96,99,2.01,moderate rain,4/20/2022 18:46
477,Hambantota,LK,6.1241,81.1185,80.94,100,40,1.14,scattered clouds,4/20/2022 18:46
478,Saint-Joseph,RE,-21.3667,55.6167,76.21,85,27,3.11,scattered clouds,4/20/2022 18:46
479,Verkhoyansk,RU,67.5447,133.385,13.98,98,100,1.34,overcast clouds,4/20/2022 18:46
480,Trairi,BR,-3.2778,-39.2689,82.13,81,100,9.53,overcast clouds,4/20/2022 18:41
481,Bandarbeyla,SO,9.4942,50.8122,81.5,70,5,8.61,clear sky,4/20/2022 18:46
482,Margate,GB,51.3813,1.3862,51.12,77,22,5.99,few clouds,4/20/2022 18:46
483,Puerto Maldonado,PE,-12.6,-69.1833,91.8,49,40,3.44,scattered clouds,4/20/2022 18:46
484,Nanzhang,CN,31.7765,111.8386,58.35,79,0,3.47,clear sky,4/20/2022 18:46
485,Coihaique,CL,-45.5752,-72.0662,51.75,58,75,4.61,broken clouds,4/20/2022 18:43
486,Half Moon Bay,US,37.4636,-122.4286,70.21,55,0,12.66,clear sky,4/20/2022 18:46
487,Turmero,VE,10.2239,-67.4729,83.86,55,100,3,overcast clouds,4/20/2022 18:46
488,Sisimiut,GL,66.9395,-53.6735,19.54,49,11,7.61,few clouds,4/20/2022 18:46
489,Moerai,PF,-22.4333,-151.3333,76.3,63,100,26.98,overcast clouds,4/20/2022 18:46
490,Puerto Escondido,MX,15.85,-97.0667,89.15,49,0,9.15,clear sky,4/20/2022 18:46
491,Daru,PG,-9.0763,143.2092,77.85,86,71,2.91,broken clouds,4/20/2022 18:46
492,Tutoia,BR,-2.7619,-42.2744,82.74,79,100,9.24,overcast clouds,4/20/2022 18:46
493,Cayenne,GF,4.9333,-52.3333,78.84,1,75,5.75,light rain,4/20/2022 18:46
494,Manaus,BR,-3.1019,-60.025,81.09,83,75,5.75,broken clouds,4/20/2022 18:46
495,Truro,GB,50.2653,-5.0544,57.96,76,0,2.3,clear sky,4/20/2022 18:46
496,Murmashi,RU,68.8154,32.8115,41.41,75,0,6.71,clear sky,4/20/2022 18:46
497,Inirida,CO,3.8653,-67.9239,85.42,63,100,3,overcast clouds,4/20/2022 18:46
498,Isetskoye,RU,56.4858,65.3226,37.71,95,83,6.49,broken clouds,4/20/2022 18:46
499,Oksfjord,NO,70.2396,22.3479,46.47,95,67,4.85,broken clouds,4/20/2022 18:46
500,Villefranche-Sur-Saone,FR,45.9833,4.7167,61.34,89,100,2.84,overcast clouds,4/20/2022 18:46
501,Johnstown,US,40.3267,-78.922,54.54,42,0,0,clear sky,4/20/2022 18:46
502,Novoagansk,RU,61.9449,76.6625,16.03,91,75,7.85,broken clouds,4/20/2022 18:46
503,Mount Gambier,AU,-37.8333,140.7667,49.91,93,100,0,overcast clouds,4/20/2022 18:46
504,Milos,GR,36.75,24.4333,58.46,73,0,22.97,clear sky,4/20/2022 18:46
505,Parsons,US,37.3403,-95.2611,61.09,96,100,20.65,overcast clouds,4/20/2022 18:42
506,Gornoye Loo,RU,43.7129,39.6049,47.98,86,56,2.44,broken clouds,4/20/2022 18:46
507,Real,PH,14.6625,121.6047,78.06,92,51,7.27,broken clouds,4/20/2022 18:46
508,Petropavlovsk-Kamchatskiy,RU,53.0452,158.6483,28.99,80,75,2.24,light snow,4/20/2022 18:44
509,Kashi,CN,39.4547,75.9797,74.41,21,88,22.37,overcast clouds,4/20/2022 18:46
510,Le Vauclin,MQ,14.5452,-60.8388,84.25,54,20,13.8,few clouds,4/20/2022 18:46
511,Fort Nelson,CA,58.8053,-122.7002,31.59,37,75,0,broken clouds,4/20/2022 18:45
512,Sioux Lookout,CA,50.1001,-91.917,32.07,86,100,12.66,overcast clouds,4/20/2022 18:43
513,Logrono,ES,42.4667,-2.45,47.7,76,75,9.22,broken clouds,4/20/2022 18:46
514,Ust-Kuyga,RU,70.0167,135.6,-0.06,98,89,1.92,overcast clouds,4/20/2022 18:46
515,Gizo,SB,-8.103,156.8419,81.63,79,75,7.27,broken clouds,4/20/2022 18:46
516,Quchan,IR,37.106,58.5095,58.98,43,1,2.48,clear sky,4/20/2022 18:46
517,Ola,RU,59.5833,151.2833,17.44,86,42,8.79,scattered clouds,4/20/2022 18:46
518,Pedernales,DO,18.0384,-71.744,81.09,71,100,1.3,overcast clouds,4/20/2022 18:46
519,Bireun,ID,5.203,96.7009,78.76,80,100,3.94,overcast clouds,4/20/2022 18:46
520,Luanda,AO,-8.8368,13.2343,77,94,75,0,broken clouds,4/20/2022 18:46
521,Zalantun,CN,48,122.7167,43.75,74,100,13.98,overcast clouds,4/20/2022 18:46
522,Namuac,PH,18.6109,121.1657,75.9,87,0,8.59,clear sky,4/20/2022 18:46
523,Viedma,AR,-40.8135,-62.9967,60.3,57,100,12.48,overcast clouds,4/20/2022 18:46
524,Port Lincoln,AU,-34.7333,135.8667,60.48,65,94,5.91,overcast clouds,4/20/2022 18:46
525,Dum Duma,IN,27.5667,95.5667,69.24,93,33,3.53,scattered clouds,4/20/2022 18:46
526,Ejura,GH,7.3856,-1.3562,84.09,60,48,3.13,light rain,4/20/2022 18:46
527,Birobidzhan,RU,48.8,132.95,54,53,100,5.08,overcast clouds,4/20/2022 18:46
528,Igrim,RU,63.1906,64.4162,18.37,65,100,9.78,overcast clouds,4/20/2022 18:46
529,Yakeshi,CN,49.2833,120.7333,33.4,42,100,4.34,overcast clouds,4/20/2022 18:46
530,Valdepenas,ES,38.7621,-3.3848,50.77,67,100,21.7,overcast clouds,4/20/2022 18:44
531,Puerto Del Rosario,ES,28.5004,-13.8627,65.95,55,20,27.63,few clouds,4/20/2022 18:46
532,Kemijarvi,FI,66.7131,27.4306,43.07,94,36,5.28,scattered clouds,4/20/2022 18:46
533,Yar-Sale,RU,66.8333,70.8333,7.38,87,100,22.59,overcast clouds,4/20/2022 18:46
534,Beberibe,BR,-4.1797,-38.1306,82.8,77,47,8.75,scattered clouds,4/20/2022 18:46
535,Wembley,AU,-31.9333,115.8,63.09,68,0,17.27,clear sky,4/20/2022 18:46
536,Maracacume,BR,-2.0428,-45.9592,79.09,92,100,4.32,light rain,4/20/2022 18:46
537,Luderitz,NA,-26.6481,15.1594,71.11,44,4,6.71,clear sky,4/20/2022 18:46
538,Santa Rosa,PH,14.3122,121.1114,80.58,77,8,5.75,clear sky,4/20/2022 18:45
539,Pafos,CY,34.7667,32.4167,58.78,67,20,5.75,few clouds,4/20/2022 18:46
540,Zhanakorgan,KZ,43.9098,67.2495,65.1,62,100,4.76,light rain,4/20/2022 18:46
541,Halifax,CA,44.6453,-63.5724,53.69,58,40,25.32,scattered clouds,4/20/2022 18:43
542,Yuci,CN,37.6803,112.7319,56.95,38,0,6.71,clear sky,4/20/2022 18:46
543,Tuatapere,NZ,-46.1333,167.6833,58.69,98,99,1.59,overcast clouds,4/20/2022 18:46
544,Opuwo,NA,-18.0607,13.84,70.3,31,100,8.77,overcast clouds,4/20/2022 18:46
545,Tuy Hoa,VN,13.0833,109.3,74.1,94,77,4.16,broken clouds,4/20/2022 18:45
546,Cabo San Lucas,MX,22.8909,-109.9124,78.06,69,0,5.99,clear sky,4/20/2022 18:42
547,Popondetta,PG,-8.7537,148.2534,73.31,94,64,2.68,broken clouds,4/20/2022 18:47
548,Iqaluit,CA,63.7506,-68.5145,19.13,67,75,8.05,broken clouds,4/20/2022 18:47
549,Yumen,CN,40.2833,97.2,50.13,15,100,9.46,overcast clouds,4/20/2022 18:47
550,Miamisburg,US,39.6428,-84.2866,61.45,47,100,9.22,haze,4/20/2022 18:46
551,Nuuk,GL,64.1835,-51.7216,23.61,58,40,15.01,scattered clouds,4/20/2022 18:42
552,Sampit,ID,-2.5333,112.95,73.54,99,97,0.67,overcast clouds,4/20/2022 18:47
553,Port Blair,IN,11.6667,92.75,84.24,79,20,2.3,mist,4/20/2022 18:47
554,Karakol,KG,42.4907,78.3936,49.95,78,100,5.66,overcast clouds,4/20/2022 18:47
555,Mayo,US,38.8876,-76.5119,63.09,41,0,7,clear sky,4/20/2022 18:47
556,Bally,US,40.4023,-75.5871,58.32,38,0,1.99,clear sky,4/20/2022 18:47
557,Demba,CD,-5.51,22.2667,69.53,98,100,1.36,moderate rain,4/20/2022 18:47
558,Bambanglipuro,ID,-7.95,110.2833,75.96,89,66,4.07,broken clouds,4/20/2022 18:47
559,Prado,BR,-17.3411,-39.2208,80.02,63,0,9.89,clear sky,4/20/2022 18:47
560,Fairview,US,40.8126,-73.999,59.95,30,0,13.8,clear sky,4/20/2022 18:45
561,Guerrero Negro,MX,27.9769,-114.0611,68.29,60,100,19.48,overcast clouds,4/20/2022 18:46
562,Vitry-Le-Francois,FR,48.7333,4.5833,56.26,68,100,7.27,overcast clouds,4/20/2022 18:47
563,Catio,GW,11.2833,-15.25,79.79,65,58,11.88,broken clouds,4/20/2022 18:47
564,Talcahuano,CL,-36.7167,-73.1167,60.48,51,20,12.66,few clouds,4/20/2022 18:45
565,Sinazongwe,ZM,-17.2614,27.4618,69.21,85,15,11.1,moderate rain,4/20/2022 18:47
566,Santa Isabel Do Rio Negro,BR,-0.4139,-65.0192,80.8,89,95,3.36,light rain,4/20/2022 18:47
567,Zyryanka,RU,65.75,150.85,2.95,98,100,2.8,overcast clouds,4/20/2022 18:47
568,Raudeberg,NO,61.9875,5.1352,48.87,83,14,8.97,few clouds,4/20/2022 18:47
569,Lima,PE,-12.0432,-77.0282,70.05,68,0,10.36,clear sky,4/20/2022 18:46
570,Christchurch,NZ,-43.5333,172.6333,71.47,67,100,6.91,light rain,4/20/2022 18:45
571,Tezu,IN,27.9167,96.1667,70.3,77,93,3.24,overcast clouds,4/20/2022 18:47
572,Kochubey,RU,44.3861,46.5825,57.4,67,100,19.06,overcast clouds,4/20/2022 18:47
573,Sangar,RU,63.9242,127.4739,13.42,98,100,1.7,overcast clouds,4/20/2022 18:47
574,Bella Vista,US,36.4295,-94.2316,58.73,82,100,18.41,overcast clouds,4/20/2022 18:42
575,Luganville,VU,-15.5333,167.1667,79.56,84,10,4.07,clear sky,4/20/2022 18:47
576,Chernyshevskiy,RU,63.0128,112.4714,2.23,98,100,2.55,overcast clouds,4/20/2022 18:47
577,Tahe,CN,52.3333,124.7333,26.35,89,8,3.62,clear sky,4/20/2022 18:47
578,Cedar City,US,37.6775,-113.0619,64.4,33,0,3.44,clear sky,4/20/2022 18:47
579,Antalaha,MG,-14.9003,50.2788,76.37,96,100,11.65,heavy intensity rain,4/20/2022 18:47
580,Kanganpur,PK,30.7663,74.1231,84.33,21,69,6.6,broken clouds,4/20/2022 18:47
581,Cochrane,CA,51.1834,-114.4687,35.87,66,40,10.36,scattered clouds,4/20/2022 18:45
582,Sterling,US,39.0062,-77.4286,62.24,35,20,5.75,few clouds,4/20/2022 18:42
583,Ylojarvi,FI,61.5563,23.5961,46.31,67,0,1.14,clear sky,4/20/2022 18:47
584,Haapiti,PF,-17.5667,-149.8667,82.13,72,20,8.14,light rain,4/20/2022 18:47
585,Mandera,KE,3.9366,41.867,87.12,53,41,3.33,scattered clouds,4/20/2022 18:47
586,Riyadh,SA,24.6877,46.7219,91.54,12,75,14.38,broken clouds,4/20/2022 18:47
587,Thinadhoo,MV,0.5333,72.9333,83.5,72,13,3.89,few clouds,4/20/2022 18:47
588,Santa Helena De Goias,BR,-17.8136,-50.5969,85.86,35,0,4.03,clear sky,4/20/2022 18:47
589,Baghdad,IQ,33.3406,44.4009,78.71,17,75,12.66,broken clouds,4/20/2022 18:46
590,Pitimbu,BR,-7.4706,-34.8086,79.39,73,30,10.47,scattered clouds,4/20/2022 18:47
591,Kabinda,CD,-6.1333,24.4833,68.72,92,100,6.69,light rain,4/20/2022 18:47
592,Pokhara,NP,28.2333,83.9833,67.39,72,0,4.32,clear sky,4/20/2022 18:47
593,Port Hawkesbury,CA,45.6169,-61.3485,54.52,62,75,11.5,broken clouds,4/20/2022 18:47
594,Isla Vista,US,34.4133,-119.861,74.3,62,20,8.05,few clouds,4/20/2022 18:47
595,Chicama,PE,-7.8447,-79.1469,66.74,57,16,10.87,few clouds,4/20/2022 18:47
596,Yablochnyy,RU,47.1661,142.0661,46.53,73,99,22.62,overcast clouds,4/20/2022 18:47
597,Jacareacanga,BR,-6.2222,-57.7528,82.09,88,100,2.35,light rain,4/20/2022 18:47
598,Macklin,CA,52.3334,-109.9348,32.34,84,100,15.79,overcast clouds,4/20/2022 18:47
599,Kurkino,RU,53.4257,38.6582,46.02,97,100,19.17,light rain,4/20/2022 18:47
600,Tatawin,TN,32.9297,10.4518,81.39,10,100,6.87,overcast clouds,4/20/2022 18:47
601,Barra Do Corda,BR,-5.5,-45.25,82.09,90,70,3.67,broken clouds,4/20/2022 18:47
602,Wuwei,CN,37.9281,102.6414,52.56,18,100,4.45,overcast clouds,4/20/2022 18:47
603,Zeya,RU,53.75,127.2667,27.14,75,3,5.03,clear sky,4/20/2022 18:47
604,Trelew,AR,-43.249,-65.3051,64.47,21,99,16.49,overcast clouds,4/20/2022 18:47
605,Suhbaatar,MN,50.2314,106.2078,31.1,55,79,0.92,broken clouds,4/20/2022 18:47
606,Sibolga,ID,1.7427,98.7792,76.26,88,100,2.75,heavy intensity rain,4/20/2022 18:47
607,Atambua,ID,-9.1061,124.8925,72.45,88,100,3.87,overcast clouds,4/20/2022 18:47
608,Brookings,US,44.3114,-96.7984,44.46,89,100,3.44,overcast clouds,4/20/2022 18:47
609,Maldonado,UY,-34.6667,-54.9167,81.79,37,5,9.91,clear sky,4/20/2022 18:47
610,Wufeng,CN,27.45,104.8333,51.08,73,100,6.49,overcast clouds,4/20/2022 18:47
611,Havelock,US,34.8791,-76.9013,63.99,42,0,6.91,clear sky,4/20/2022 18:47
612,Tremembe,BR,-22.9583,-45.5494,80.47,53,20,2.3,few clouds,4/20/2022 18:47
613,Haflong,IN,25.1833,93.0333,67.51,89,76,1.12,broken clouds,4/20/2022 18:47
614,Naze,JP,28.3667,129.4833,67.12,76,100,6.02,overcast clouds,4/20/2022 18:47
615,Salamiyah,SY,35.0113,37.0532,53.44,81,0,8.81,clear sky,4/20/2022 18:47
616,Ivanava,BY,52.1451,25.5365,41.31,93,100,6.85,overcast clouds,4/20/2022 18:47
617,Sulangan,PH,11.1373,123.7228,81.7,80,15,11.16,few clouds,4/20/2022 18:47
618,San Luis,AR,-33.295,-66.3356,69.39,47,46,14,scattered clouds,4/20/2022 18:47
619,Stromness,GB,58.965,-3.296,44.56,90,10,14,clear sky,4/20/2022 18:47
620,Marang,MY,5.2056,103.2059,78.71,84,100,0.54,overcast clouds,4/20/2022 18:47
621,Vredendal,ZA,-31.6683,18.5012,72.81,31,9,5.12,clear sky,4/20/2022 18:47
622,Yagodnoye,RU,62.55,149.6667,-2.33,96,61,3.67,broken clouds,4/20/2022 18:47
623,Ismailia,EG,30.6043,32.2723,61.66,68,0,10.22,clear sky,4/20/2022 18:47
624,Aguimes,ES,27.9054,-15.4461,65.66,63,40,26.46,scattered clouds,4/20/2022 18:47
625,Mezen,RU,65.8522,44.24,21.81,94,19,2.59,few clouds,4/20/2022 18:47
626,Marsaxlokk,MT,35.8419,14.5431,61.54,80,52,18.52,broken clouds,4/20/2022 18:47
627,Santa Cruz,BO,-17.8,-63.1667,89.06,54,75,18.41,broken clouds,4/20/2022 18:47
628,Mweka,CD,-4.85,21.5667,70.11,97,100,2.37,light rain,4/20/2022 18:47
629,Cap Malheureux,MU,-19.9842,57.6142,77.47,88,100,3,overcast clouds,4/20/2022 18:47
630,Winslow,US,35.0242,-110.6974,77.14,10,2,19.57,clear sky,4/20/2022 18:47
631,Kushiro,JP,42.975,144.3747,39.11,93,0,9.69,clear sky,4/20/2022 18:47
632,Crestview,US,30.7621,-86.5705,78.71,32,0,11.5,clear sky,4/20/2022 18:47
633,Maniitsoq,GL,65.4167,-52.9,21.31,54,94,4.32,overcast clouds,4/20/2022 18:47
634,Ahuimanu,US,21.4447,-157.8378,76.86,76,40,11.5,scattered clouds,4/20/2022 18:47
635,Kungurtug,RU,50.5994,97.5228,24.75,80,79,2.44,broken clouds,4/20/2022 18:47
636,Nara,JP,34.6851,135.8049,58.5,63,100,3.89,overcast clouds,4/20/2022 18:46
637,Ferrol,ES,43.4832,-8.2369,54.27,71,5,6.2,clear sky,4/20/2022 18:47
638,Abha,SA,18.2164,42.5053,67.82,73,0,6.91,clear sky,4/20/2022 18:47
639,Hereford,GB,52.0568,-2.7148,56.21,83,87,6.8,overcast clouds,4/20/2022 18:47
640,Razole,IN,16.4833,81.8333,81.03,84,9,6.42,clear sky,4/20/2022 18:47
641,Alghero,IT,40.5589,8.3181,66.29,63,0,10.36,clear sky,4/20/2022 18:47
642,Karratha,AU,-20.7377,116.8463,83.32,39,14,7.02,few clouds,4/20/2022 18:47
643,Kirakira,SB,-10.4544,161.9205,79.2,86,100,6.55,overcast clouds,4/20/2022 18:47
644,Sinnamary,GF,5.3833,-52.95,79.02,88,100,11.52,light rain,4/20/2022 18:47
645,Kenai,US,60.5544,-151.2583,44.02,52,0,8.05,clear sky,4/20/2022 18:47
646,San Vicente,AR,-26.6167,-54.1333,79.72,33,2,3.09,clear sky,4/20/2022 18:47
647,Trier,DE,49.7557,6.6394,57.85,61,1,4.61,clear sky,4/20/2022 18:47
648,Ottawa,CA,45.4112,-75.6981,48.87,44,20,18.41,few clouds,4/20/2022 18:47
649,Jiuquan,CN,39.7432,98.5174,47.91,17,95,1.61,overcast clouds,4/20/2022 18:47
650,Oranjestad,AW,12.524,-70.027,82.35,78,75,17.27,broken clouds,4/20/2022 18:42
651,Dzialdowo,PL,53.2396,20.17,44.44,98,100,6.96,light rain,4/20/2022 18:47
652,Port Said,EG,31.2565,32.2841,62.58,77,20,12.66,few clouds,4/20/2022 18:47
653,Devonport,AU,-41.1667,146.35,49.08,67,7,9.06,clear sky,4/20/2022 18:47
654,Mananjary,MG,-21.2167,48.3333,74.5,90,61,6.55,light rain,4/20/2022 18:48
655,Oranjemund,NA,-28.55,16.4333,67.32,52,10,3.67,clear sky,4/20/2022 18:48
656,Gusau,NG,12.1628,6.6614,95.7,23,19,1.72,few clouds,4/20/2022 18:48
657,Kaabong,UG,3.4836,34.1492,68.85,68,100,7.09,overcast clouds,4/20/2022 18:48
658,Cardoso,BR,-20.0819,-49.9142,89.71,28,19,6.17,few clouds,4/20/2022 18:48
659,Savannah Bight,HN,16.45,-85.85,80.91,71,9,7.31,clear sky,4/20/2022 18:48
660,Basoko,CD,1.2391,23.616,73.13,91,94,4.09,overcast clouds,4/20/2022 18:48
661,Lamesa,US,32.7376,-101.951,89.53,7,4,12.12,clear sky,4/20/2022 18:48
662,Labytnangi,RU,66.6572,66.4183,0.72,82,15,10.22,few clouds,4/20/2022 18:44
663,Marzuq,YE,14.4,46.4667,70.61,53,0,6.96,clear sky,4/20/2022 18:48
664,Namatanai,PG,-3.6667,152.4333,79.63,82,93,8.37,light rain,4/20/2022 18:48
665,West Plains,US,36.7281,-91.8524,50.83,95,100,13.8,thunderstorm with rain,4/20/2022 18:48
666,Alakurtti,RU,66.9672,30.3491,39.06,100,99,2.51,overcast clouds,4/20/2022 18:48
667,Dali,CN,25.7,100.1833,57.78,70,99,4.52,overcast clouds,4/20/2022 18:48
668,Chake Chake,TZ,-5.2459,39.7666,75.94,88,100,8.97,overcast clouds,4/20/2022 18:48
669,Hoa Binh,VN,20.8133,105.3383,67.82,87,0,2.19,clear sky,4/20/2022 18:48
670,Durango,MX,24.8333,-104.8333,82.67,7,13,6.42,few clouds,4/20/2022 18:48
671,Locri,IT,38.2414,16.2623,56.57,93,85,0.96,overcast clouds,4/20/2022 18:48
672,Natal,BR,-5.795,-35.2094,88.02,66,40,14.97,scattered clouds,4/20/2022 18:43
673,Taoudenni,ML,22.6783,-3.9836,94.39,9,0,11.48,clear sky,4/20/2022 18:48
674,Sharjah,AE,25.3573,55.4033,80.58,78,0,2.3,clear sky,4/20/2022 18:48
675,Coos Bay,US,43.3665,-124.2179,52.14,96,100,14.97,overcast clouds,4/20/2022 18:48
676,Kloulklubed,PW,7.0419,134.2556,75.7,84,100,14.97,heavy intensity rain,4/20/2022 18:48
677,Arvika,SE,59.6553,12.5852,59.61,64,12,3.58,few clouds,4/20/2022 18:48
